Itin No.;Origin;Destination;Demand;Fare;Stops;Leg 1;Leg 2
0;LIMC;LIME;42;52;0;AR2000;0
1;LIMC;MMMX;14;109;1;AR2000;AR1920
2;CYYZ;LIME;17;99;0;AR1365;0
3;CYYZ;LIMC;60;80;1;AR1365;AR9000
4;CYYZ;EDDB;22;46;1;AR1365;AR1673
5;CYYZ;ZSPD;30;47;1;AR1365;AR1260
6;CYVR;LIME;21;92;0;AR1255;0
7;CYVR;LIMC;63;90;1;AR1255;AR9000
8;CYVR;EDDB;21;50;1;AR1255;AR1673
9;CYVR;ZSPD;33;55;1;AR1255;AR1260
10;BIKF;LIMC;10;53;0;AR1825;0
11;BIKF;LIME;9;109;1;AR1825;AR8000
12;BIKF;LFPG;11;92;1;AR1825;AR1471
13;BIKF;CYVR;6;95;1;AR1825;AR1292
14;BIKF;FACT;17;97;1;AR1825;AR1240
15;BIKF;LDZA;6;90;1;AR1825;AR1651
16;LIMC;LIME;37;70;0;AR4000;0
17;LIMC;MMMX;11;103;1;AR4000;AR1920
18;LIME;LIMC;38;54;0;AR5000;0
19;LIME;RJAA;24;104;1;AR5000;AR1832
20;LIME;LGAV;8;102;1;AR5000;AR1864
21;LIME;LKPR;19;103;1;AR5000;AR1850
22;LIME;BIKF;8;99;1;AR5000;AR1892
23;LIME;LTFM;17;91;1;AR5000;AR1406
24;LIME;EIDW;10;98;1;AR5000;AR1511
25;LIME;EDDM;9;103;1;AR5000;AR1848
26;SAEZ;LIME;9;100;0;AR1363;0
27;SAEZ;LIMC;17;52;1;AR1363;AR9000
28;SAEZ;EDDB;6;48;1;AR1363;AR1673
29;SAEZ;ZSPD;10;49;1;AR1363;AR1260
30;LKPR;LIMC;12;53;0;AR1883;0
31;LKPR;LTFM;8;94;1;AR1883;AR1406
32;LKPR;LIME;15;91;1;AR1883;AR8000
33;LKPR;LFPG;17;98;1;AR1883;AR1471
34;LKPR;CYVR;15;100;1;AR1883;AR1292
35;LKPR;LPPT;11;104;1;AR1883;AR1822
36;LKPR;FACT;30;94;1;AR1883;AR1240
37;LKPR;EIDW;6;94;1;AR1883;AR1507
38;LKPR;LDZA;13;96;1;AR1883;AR1651
39;LKPR;LIMF;6;93;1;AR1883;AR1600
40;LKPR;LFQQ;11;96;1;AR1883;AR1737
41;SBGL;LIME;18;95;0;AR1911;0
42;SBGL;EDDB;15;47;1;AR1911;AR1691
43;SBGL;LIMC;100;147;1;AR1911;AR1100
44;SBGL;EHEH;6;47;1;AR1911;AR1722
45;SBGL;EBBR;26;48;1;AR1911;AR1376
46;SBGL;EDDF;49;89;1;AR1911;AR1322
47;SBGL;EFRO;6;47;1;AR1911;AR1852
48;EDDB;LIMC;10;54;0;AR1668;0
49;EDDB;RJAA;7;90;1;AR1668;AR1832
50;EDDB;LKPR;5;99;1;AR1668;AR1850
51;EDDB;LTFM;6;106;1;AR1668;AR1406
52;EDDB;LIME;12;90;1;AR1668;AR8000
53;EDDB;LFPG;16;104;1;AR1668;AR1471
54;EDDB;CYVR;12;106;1;AR1668;AR1292
55;EDDB;LPPT;6;97;1;AR1668;AR1822
56;EDDB;FACT;27;108;1;AR1668;AR1240
57;RJAA;LPPT;11;105;0;AR1823;0
58;LIMC;LIME;50;71;0;AR6000;0
59;LIMC;EDDB;40;101;1;AR6000;AR1673
60;LIMC;ZSPD;49;93;1;AR6000;AR1260
61;LIMC;EIDW;22;103;1;AR6000;AR1382
62;LIMC;EDDB;34;102;1;AR6000;AR1691
63;LIMC;EHEH;10;104;1;AR6000;AR1722
64;LIMC;EBBR;44;107;1;AR6000;AR1376
65;LIME;LIMC;43;66;0;AR7000;0
66;LIME;EDDM;10;94;1;AR7000;AR1848
67;LIME;LFPG;48;102;1;AR7000;AR1471
68;LIME;CYVR;34;102;1;AR7000;AR1292
69;LIME;LPPT;23;103;1;AR7000;AR1822
70;LIME;FACT;93;121;1;AR7000;AR1240
71;LIME;EIDW;14;94;1;AR7000;AR1507
72;LIME;LDZA;26;93;1;AR7000;AR1651
73;LIME;LIMF;14;90;1;AR7000;AR1600
74;LIME;LFQQ;20;97;1;AR7000;AR1737
75;LIME;LTFM;37;104;1;AR7000;AR1402
76;LIME;RJAA;51;94;1;AR7000;AR1830
77;LIME;MMMX;12;109;0;AR1920;0
78;LIMC;RJAA;59;97;0;AR1832;0
79;LIMC;LGAV;18;47;0;AR1864;0
80;LIMC;LKPR;32;48;0;AR1850;0
81;LIMC;EFRO;10;54;0;AR1878;0
82;LIMC;EHEH;10;46;0;AR1700;0
83;LIMC;BIKF;14;49;0;AR1892;0
84;FACT;LIMC;104;110;0;AR1249;0
85;FACT;LTFM;33;54;1;AR1249;AR1412
86;FACT;LFPG;94;118;1;AR1249;AR1446
87;FACT;EDDB;25;53;1;AR1249;AR1671
88;FACT;LIME;68;105;1;AR1249;AR1200
89;FACT;LPPT;35;52;1;AR1249;AR1454
90;FACT;BIKF;12;52;1;AR1249;AR1816
91;EIDW;LIMC;17;51;0;AR1538;0
92;EIDW;LDZA;6;95;1;AR1538;AR1651
93;EIDW;LIME;17;102;1;AR1538;AR1000
94;EIDW;LTFM;7;94;1;AR1538;AR1402
95;EIDW;RJAA;8;103;1;AR1538;AR1830
96;EIDW;LDZA;6;108;1;AR1538;AR1653
97;EIDW;LTFM;7;109;1;AR1538;AR1412
98;EIDW;LFPG;14;104;1;AR1538;AR1446
99;LIMC;LTFM;48;55;0;AR1406;0
100;LDZA;LIMC;48;59;0;AR1670;0
101;LDZA;LIME;31;100;1;AR1670;AR1000
102;LDZA;LTFM;11;90;1;AR1670;AR1402
103;LDZA;RJAA;21;106;1;AR1670;AR1830
104;LDZA;EIDW;6;100;1;AR1670;AR1501
105;LDZA;LTFM;12;105;1;AR1670;AR1412
106;LDZA;LFPG;36;108;1;AR1670;AR1446
107;LDZA;EDDB;9;98;1;AR1670;AR1671
108;LDZA;LIME;23;106;1;AR1670;AR1200
109;LIMC;LIME;111;138;0;AR8000;0
110;LIMC;EBBR;44;99;1;AR8000;AR1376
111;LIMC;EDDF;89;117;1;AR8000;AR1322
112;LIMC;EFRO;11;105;1;AR8000;AR1852
113;LIMC;BIKF;15;100;1;AR8000;AR1870
114;LIME;LIMC;103;172;0;AR9000;0
115;LIME;EIDW;15;94;1;AR9000;AR1501
116;LIME;LDZA;33;99;1;AR9000;AR1653
117;LIME;LTFM;35;106;1;AR9000;AR1412
118;LIME;LFPG;69;98;1;AR9000;AR1446
119;LIME;EDDB;27;100;1;AR9000;AR1671
120;LIMC;EIDW;17;52;0;AR1511;0
121;LFPG;LIMC;112;138;0;AR1470;0
122;LFPG;EIDW;16;100;1;AR1470;AR1501
123;LFPG;LDZA;38;104;1;AR1470;AR1653
124;LFPG;LTFM;31;108;1;AR1470;AR1412
125;LFPG;EDDB;26;96;1;AR1470;AR1671
126;LFPG;LIME;66;107;1;AR1470;AR1200
127;LIMC;EDDM;23;48;0;AR1848;0
128;LIMC;LFPG;124;195;0;AR1471;0
129;LIMC;CYVR;92;177;0;AR1292;0
130;LIMC;LPPT;58;72;0;AR1822;0
131;EIDW;LIMC;21;46;0;AR1503;0
132;EIDW;LDZA;6;105;1;AR1503;AR1653
133;EIDW;LTFM;7;100;1;AR1503;AR1412
134;EIDW;LFPG;16;101;1;AR1503;AR1446
135;EIDW;LIME;10;99;1;AR1503;AR1200
136;EIDW;LPPT;5;95;1;AR1503;AR1454
137;LIMC;FACT;209;318;0;AR1240;0
138;LIME;EDDB;40;66;0;AR1673;0
139;LIMC;EIDW;29;47;0;AR1507;0
140;LIME;ZSPD;71;108;0;AR1260;0
141;LIMC;LDZA;69;103;0;AR1651;0
142;LIMC;LIMF;30;51;0;AR1600;0
143;LIME;EIDW;20;47;0;AR1382;0
144;LIMC;LFQQ;57;85;0;AR1737;0
145;LIME;EDDB;31;58;0;AR1691;0
146;LIMC;LIME;163;170;0;AR1000;0
147;LIME;LIMC;203;249;0;AR1100;0
148;LIME;LPPT;37;100;1;AR1100;AR1454
149;LIME;BIKF;12;101;1;AR1100;AR1816
150;LIME;LFPG;65;99;1;AR1100;AR1473
151;LIME;LDZA;24;101;1;AR1100;AR1647
152;LIME;CYVR;49;103;1;AR1100;AR1252
153;LIME;EDDB;17;103;1;AR1100;AR1684
154;LIME;ESSA;6;101;1;AR1100;AR1659
155;LIME;LIMF;12;100;1;AR1100;AR1643
156;LIMC;LTFM;70;114;0;AR1402;0
157;LGAV;LIMC;29;53;0;AR1865;0
158;LGAV;LPPT;6;104;1;AR1865;AR1454
159;LGAV;LFPG;9;97;1;AR1865;AR1473
160;LGAV;CYVR;9;104;1;AR1865;AR1252
161;LGAV;LIME;10;103;1;AR1865;AR1400
162;LIME;EHEH;10;46;0;AR1722;0
163;EHEH;LIMC;15;49;0;AR1811;0
164;EHEH;LFPG;5;92;1;AR1811;AR1473
165;EHEH;LIME;5;99;1;AR1811;AR1400
166;LIMC;RJAA;90;107;0;AR1830;0
167;LIME;EBBR;45;72;0;AR1376;0
168;EIDW;RJAA;16;93;0;AR1591;0
169;LIMC;EIDW;38;70;0;AR1501;0
170;LIME;EDDF;96;175;0;AR1322;0
171;LTFM;LIMC;60;73;0;AR1407;0
172;LTFM;LPPT;13;93;1;AR1407;AR1454
173;LTFM;LFPG;20;104;1;AR1407;AR1473
174;LTFM;LDZA;8;97;1;AR1407;AR1647
175;LTFM;CYVR;17;101;1;AR1407;AR1252
176;LTFM;EDDB;7;98;1;AR1407;AR1684
177;LTFM;LIME;20;99;1;AR1407;AR1400
178;RJAA;LIMC;116;225;0;AR1833;0
179;RJAA;BIKF;6;45;1;AR1833;AR1816
180;RJAA;LFPG;33;50;1;AR1833;AR1473
181;RJAA;LDZA;10;49;1;AR1833;AR1647
182;RJAA;CYVR;28;52;1;AR1833;AR1252
183;RJAA;EDDB;8;49;1;AR1833;AR1684
184;RJAA;LIME;34;56;1;AR1833;AR1400
185;RJAA;LIMF;7;48;1;AR1833;AR1643
186;RJAA;EDDB;9;54;1;AR1833;AR1677
187;RJAA;LPPT;17;47;1;AR1833;AR1460
188;RJAA;EFHK;11;53;1;AR1833;AR1755
189;RJAA;EDDB;10;45;1;AR1833;AR1679
190;LIMC;LDZA;86;113;0;AR1653;0
191;LFPG;LIMC;151;227;0;AR1472;0
192;LFPG;BIKF;10;99;1;AR1472;AR1816
193;LFPG;LDZA;23;94;1;AR1472;AR1647
194;LFPG;CYVR;41;93;1;AR1472;AR1252
195;LFPG;EDDB;14;109;1;AR1472;AR1684
196;LFPG;LIME;45;109;1;AR1472;AR1400
197;LFPG;ESSA;6;101;1;AR1472;AR1659
198;LFPG;LIMF;9;109;1;AR1472;AR1643
199;LFPG;EDDB;17;100;1;AR1472;AR1677
200;LFPG;LPPT;29;108;1;AR1472;AR1460
201;LFPG;EFHK;16;105;1;AR1472;AR1755
202;LIMC;LTFM;61;67;0;AR1412;0
203;EIDW;LIMC;40;72;0;AR1510;0
204;EIDW;LFPG;12;103;1;AR1510;AR1473
205;EIDW;CYVR;9;101;1;AR1510;AR1252
206;EIDW;LIME;12;95;1;AR1510;AR1400
207;EIDW;LPPT;5;109;1;AR1510;AR1460
208;LIME;EFRO;10;54;0;AR1852;0
209;LIMC;LFPG;211;279;0;AR1446;0
210;LKPR;LIMC;84;153;0;AR1851;0
211;LKPR;EDDB;7;100;1;AR1851;AR1677
212;LKPR;LPPT;10;106;1;AR1851;AR1460
213;LKPR;EFHK;7;90;1;AR1851;AR1755
214;LKPR;EDDB;7;97;1;AR1851;AR1679
215;LKPR;EETN;5;98;1;AR1851;AR1434
216;LKPR;LFQQ;5;94;1;AR1851;AR1751
217;LKPR;LIME;19;105;1;AR1851;AR1598
218;LKPR;LPPT;9;108;1;AR1851;AR1456
219;LKPR;LFPG;20;97;1;AR1851;AR1477
220;LKPR;LTFM;8;95;1;AR1851;AR1422
221;LKPR;EDDB;6;104;1;AR1851;AR1683
222;LIMF;LIMC;32;45;0;AR1642;0
223;LIMF;LFPG;11;92;1;AR1642;AR1473
224;LIMF;CYVR;8;97;1;AR1642;AR1252
225;LIMF;LIME;11;94;1;AR1642;AR1400
226;LIMF;LPPT;5;107;1;AR1642;AR1460
227;LPPT;LIMC;77;139;0;AR1451;0
228;LPPT;LIME;23;107;1;AR1451;AR1400
229;LPPT;EDDB;9;108;1;AR1451;AR1677
230;LPPT;EFHK;8;95;1;AR1451;AR1755
231;LPPT;EDDB;8;101;1;AR1451;AR1679
232;LPPT;EETN;8;109;1;AR1451;AR1434
233;LPPT;EDDM;5;96;1;AR1451;AR1844
234;LPPT;LFQQ;8;107;1;AR1451;AR1751
235;LPPT;LIME;20;107;1;AR1451;AR1598
236;EIDW;LIMC;40;72;0;AR1500;0
237;EIDW;LFPG;10;93;1;AR1500;AR1473
238;EIDW;LDZA;5;96;1;AR1500;AR1647
239;EIDW;CYVR;7;96;1;AR1500;AR1252
240;EIDW;LIME;9;105;1;AR1500;AR1400
241;LFQQ;LIMC;51;84;0;AR1750;0
242;LFQQ;LIME;17;97;1;AR1750;AR1400
243;LFQQ;LPPT;7;104;1;AR1750;AR1460
244;ZSPD;LIMC;88;118;0;AR1261;0
245;ZSPD;LIME;28;48;1;AR1261;AR1400
246;ZSPD;EDDB;8;47;1;AR1261;AR1677
247;ZSPD;LPPT;13;49;1;AR1261;AR1460
248;ZSPD;EFHK;7;52;1;AR1261;AR1755
249;ZSPD;EDDB;8;45;1;AR1261;AR1679
250;ZSPD;EETN;10;52;1;AR1261;AR1434
251;ZSPD;EDDM;6;52;1;AR1261;AR1844
252;ZSPD;LFQQ;8;50;1;AR1261;AR1751
253;ZSPD;LIME;25;49;1;AR1261;AR1598
254;LIMC;EDDB;55;80;0;AR1671;0
255;LTFM;LDZA;19;47;0;AR1523;0
256;LDZA;LIMC;58;112;0;AR1652;0
257;LDZA;EDDB;6;102;1;AR1652;AR1684
258;LDZA;LIME;23;101;1;AR1652;AR1400
259;LDZA;EDDB;6;91;1;AR1652;AR1677
260;LDZA;LPPT;11;107;1;AR1652;AR1460
261;LDZA;EFHK;6;99;1;AR1652;AR1755
262;LDZA;EDDB;7;95;1;AR1652;AR1679
263;LDZA;EETN;6;100;1;AR1652;AR1434
264;LDZA;EDDM;5;100;1;AR1652;AR1844
265;LDZA;LFQQ;6;104;1;AR1652;AR1751
266;LDZA;LIME;20;93;1;AR1652;AR1598
267;BIKF;EIDW;11;54;0;AR1843;0
268;LIMC;LIME;145;226;0;AR1200;0
269;LIMC;VIDP;61;98;1;AR1200;AR1360
270;LIME;LIMC;155;165;0;AR1300;0
271;LIME;LIMF;10;98;1;AR1300;AR1643
272;LIME;EDDB;16;97;1;AR1300;AR1677
273;LIME;LPPT;26;107;1;AR1300;AR1460
274;LIME;EFHK;19;97;1;AR1300;AR1755
275;LIME;EDDB;14;98;1;AR1300;AR1679
276;LIME;EETN;13;96;1;AR1300;AR1434
277;LIME;EHEH;6;100;1;AR1300;AR1735
278;LIME;EDDM;10;91;1;AR1300;AR1844
279;LIME;LFQQ;19;102;1;AR1300;AR1751
280;LIME;BIKF;8;106;1;AR1300;AR1872
281;LIME;BIKF;19;45;0;AR1870;0
282;EFRO;LIMC;15;54;0;AR1879;0
283;EDDB;LIMC;40;70;0;AR1676;0
284;EDDB;LPPT;7;105;1;AR1676;AR1460
285;EDDB;EFHK;5;95;1;AR1676;AR1755
286;EDDB;LIME;11;109;1;AR1676;AR1598
287;EDDB;LPPT;7;101;1;AR1676;AR1456
288;EDDB;LFPG;15;91;1;AR1676;AR1477
289;CYVR;LIMC;128;173;0;AR1293;0
290;CYVR;LIME;44;73;1;AR1293;AR1598
291;CYVR;BIKF;6;49;1;AR1293;AR1872
292;CYVR;LPPT;15;54;1;AR1293;AR1456
293;CYVR;LFPG;45;76;1;AR1293;AR1477
294;CYVR;LTFM;16;49;1;AR1293;AR1422
295;CYVR;EDDB;11;51;1;AR1293;AR1683
296;CYVR;EIDW;8;49;1;AR1293;AR1524
297;CYVR;RJAA;22;45;1;AR1293;AR1840
298;CYVR;LDZA;13;49;1;AR1293;AR1655
299;CYVR;LIME;51;88;1;AR1293;AR1791
300;CYVR;EHEH;5;50;1;AR1293;AR1731
301;EDDF;LIME;77;120;0;AR1305;0
302;EDDF;LIMC;78;120;1;AR1305;AR2300
303;EDDF;SBGL;33;96;1;AR1305;AR1910
304;LTFM;LIMC;50;56;0;AR1403;0
305;LTFM;EDDB;6;90;1;AR1403;AR1677
306;LTFM;LPPT;12;102;1;AR1403;AR1460
307;LTFM;EFHK;5;95;1;AR1403;AR1755
308;LTFM;EDDB;7;107;1;AR1403;AR1679
309;LTFM;EETN;5;100;1;AR1403;AR1434
310;LTFM;LFQQ;5;108;1;AR1403;AR1751
311;LTFM;LIME;17;103;1;AR1403;AR1598
312;LTFM;LPPT;9;104;1;AR1403;AR1456
313;LIMC;LPPT;62;93;0;AR1454;0
314;EIDW;LIMC;31;53;0;AR1502;0
315;EIDW;LIME;12;109;1;AR1502;AR1400
316;EIDW;LPPT;6;101;1;AR1502;AR1460
317;EIDW;LIME;10;94;1;AR1502;AR1598
318;EDDM;LIMC;29;50;0;AR1849;0
319;EDDM;LIME;8;95;1;AR1849;AR1598
320;EDDM;LPPT;5;98;1;AR1849;AR1456
321;EDDM;LFPG;10;105;1;AR1849;AR1477
322;EDDM;RJAA;6;105;1;AR1849;AR1840
323;EDDM;LIME;13;92;1;AR1849;AR1791
324;FACT;LIMC;153;257;0;AR1241;0
325;FACT;LIME;41;49;1;AR1241;AR1598
326;FACT;BIKF;10;53;1;AR1241;AR1872
327;FACT;LPPT;19;50;1;AR1241;AR1456
328;FACT;LFPG;43;61;1;AR1241;AR1477
329;FACT;LTFM;19;53;1;AR1241;AR1422
330;FACT;EDDB;11;50;1;AR1241;AR1683
331;FACT;EIDW;9;52;1;AR1241;AR1524
332;FACT;RJAA;31;52;1;AR1241;AR1840
333;FACT;LDZA;20;49;1;AR1241;AR1655
334;FACT;LIME;64;75;1;AR1241;AR1791
335;EHEH;LIMC;16;51;0;AR1734;0
336;EHEH;LIME;5;99;1;AR1734;AR1598
337;EDDB;EIDW;9;54;0;AR1801;0
338;EDDB;LEMD;16;53;0;AR1802;0
339;LIMC;BIKF;29;52;0;AR1816;0
340;LIMC;LFPG;124;170;0;AR1473;0
341;RJAA;LIMC;72;110;0;AR1831;0
342;RJAA;LIME;28;50;1;AR1831;AR1598
343;RJAA;BIKF;5;48;1;AR1831;AR1872
344;RJAA;LPPT;14;53;1;AR1831;AR1456
345;RJAA;LFPG;30;56;1;AR1831;AR1477
346;RJAA;LTFM;10;51;1;AR1831;AR1422
347;RJAA;EDDB;9;47;1;AR1831;AR1683
348;RJAA;EIDW;5;49;1;AR1831;AR1524
349;RJAA;LDZA;11;53;1;AR1831;AR1655
350;LIMC;LDZA;57;89;0;AR1647;0
351;LIMC;CYVR;89;131;0;AR1252;0
352;LDZA;LIMC;53;58;0;AR1654;0
353;LDZA;LFQQ;6;100;1;AR1654;AR1751
354;LDZA;LIME;20;103;1;AR1654;AR1598
355;LDZA;LPPT;10;103;1;AR1654;AR1456
356;LDZA;LFPG;20;93;1;AR1654;AR1477
357;LDZA;LTFM;8;102;1;AR1654;AR1422
358;LDZA;RJAA;12;107;1;AR1654;AR1840
359;LTFM;LIMC;43;61;0;AR1413;0
360;LTFM;LFQQ;6;93;1;AR1413;AR1751
361;LTFM;LIME;22;98;1;AR1413;AR1598
362;LTFM;LPPT;10;103;1;AR1413;AR1456
363;LTFM;LFPG;18;104;1;AR1413;AR1477
364;LTFM;EDDB;6;94;1;AR1413;AR1683
365;LTFM;RJAA;11;103;1;AR1413;AR1840
366;LTFM;LDZA;7;106;1;AR1413;AR1655
367;LIMC;EDDB;34;54;0;AR1684;0
368;LDZA;RJAA;22;94;0;AR1515;0
369;LFPG;LIMC;106;119;0;AR1447;0
370;LFPG;LIME;40;106;1;AR1447;AR1598
371;LFPG;BIKF;7;93;1;AR1447;AR1872
372;LFPG;LPPT;24;90;1;AR1447;AR1456
373;LFPG;LTFM;19;102;1;AR1447;AR1422
374;LFPG;EDDB;12;108;1;AR1447;AR1683
375;LFPG;EIDW;9;101;1;AR1447;AR1524
376;LFPG;RJAA;27;104;1;AR1447;AR1840
377;LFPG;LDZA;21;95;1;AR1447;AR1655
378;LFPG;LIME;73;94;1;AR1447;AR1791
379;LIMC;LIME;114;169;0;AR1400;0
380;LIME;LIMC;142;245;0;AR1479;0
381;LIME;LPPT;23;106;1;AR1479;AR1456
382;LIME;LFPG;43;100;1;AR1479;AR1477
383;LIME;LTFM;19;109;1;AR1479;AR1422
384;LIME;EDDB;11;98;1;AR1479;AR1683
385;LIME;EIDW;9;99;1;AR1479;AR1524
386;LIME;RJAA;33;99;1;AR1479;AR1840
387;LIME;LDZA;16;97;1;AR1479;AR1655
388;LIME;EHEH;6;106;1;AR1479;AR1731
389;LIMC;ESSA;14;47;0;AR1659;0
390;LIMC;LIMF;24;49;0;AR1643;0
391;LIMC;EDDB;40;53;0;AR1677;0
392;LIME;VIDP;73;95;0;AR1360;0
393;LIMC;LPPT;71;116;0;AR1460;0
394;EDDB;LIMC;35;49;0;AR1672;0
395;EDDB;RJAA;7;96;1;AR1672;AR1840
396;EDDB;LDZA;6;92;1;AR1672;AR1655
397;EDDB;LIME;22;93;1;AR1672;AR1791
398;EDDB;ZSPD;9;100;1;AR1672;AR1262
399;EDDB;CYVR;16;103;1;AR1672;AR1256
400;EDDB;LIMF;5;101;1;AR1672;AR1645
401;LIMC;EFHK;35;62;0;AR1755;0
402;LIMC;EDDB;37;59;0;AR1679;0
403;LIMC;EETN;44;49;0;AR1434;0
404;LPPT;LIMC;69;103;0;AR1455;0
405;LPPT;LDZA;8;98;1;AR1455;AR1655
406;LPPT;LIME;37;93;1;AR1455;AR1791
407;LPPT;ZSPD;15;94;1;AR1455;AR1262
408;LPPT;CYVR;24;97;1;AR1455;AR1256
409;LPPT;EIDW;5;108;1;AR1455;AR1513
410;LPPT;LIMF;8;104;1;AR1455;AR1645
411;LPPT;LTFM;15;95;1;AR1455;AR1410
412;LPPT;LFPG;41;104;1;AR1455;AR1475
413;LIMC;EHEH;12;45;0;AR1735;0
414;EIDW;BIKF;8;54;0;AR1842;0
415;EIDW;LEMD;13;52;0;AR1854;0
416;LIMC;EDDM;27;46;0;AR1844;0
417;LIMC;LFQQ;43;61;0;AR1751;0
418;LFPG;LIMC;147;263;0;AR1474;0
419;LFPG;LIME;66;109;1;AR1474;AR1791
420;LFPG;EHEH;7;109;1;AR1474;AR1731
421;LFPG;ZSPD;29;108;1;AR1474;AR1262
422;LFPG;CYVR;60;102;1;AR1474;AR1256
423;LFPG;EIDW;11;103;1;AR1474;AR1513
424;LFPG;LIMF;17;101;1;AR1474;AR1645
425;LFPG;LTFM;27;93;1;AR1474;AR1410
426;LFPG;LPPT;43;109;1;AR1474;AR1458
427;LFPG;LIME;75;101;1;AR1474;AR2010
428;LDZA;LIMC;53;66;0;AR1650;0
429;LDZA;LIME;28;107;1;AR1650;AR1791
430;LDZA;ZSPD;11;96;1;AR1650;AR1262
431;LDZA;CYVR;19;104;1;AR1650;AR1256
432;LDZA;EIDW;5;103;1;AR1650;AR1513
433;LDZA;LIMF;6;108;1;AR1650;AR1645
434;LDZA;LTFM;14;92;1;AR1650;AR1410
435;LDZA;LFPG;34;93;1;AR1650;AR1475
436;LDZA;LPPT;15;108;1;AR1650;AR1458
437;LDZA;LIME;30;102;1;AR1650;AR2010
438;LIMC;LIME;109;179;0;AR1598;0
439;LIME;LIMC;102;107;0;AR1695;0
440;LIME;ZSPD;33;106;1;AR1695;AR1262
441;LIME;CYVR;59;92;1;AR1695;AR1256
442;LIME;EIDW;11;92;1;AR1695;AR1513
443;LIME;LIMF;15;105;1;AR1695;AR1645
444;LIME;LTFM;27;109;1;AR1695;AR1410
445;LIME;LFPG;75;106;1;AR1695;AR1475
446;LIME;LPPT;40;99;1;AR1695;AR1458
447;LEMD;EIDW;9;50;0;AR1803;0
448;LEMD;EDDB;14;45;0;AR1810;0
449;LIMC;BIKF;19;49;0;AR1872;0
450;RJAA;LKPR;16;96;0;AR1521;0
451;EFRO;LIME;11;49;0;AR1853;0
452;EFRO;LIMC;9;95;1;AR1853;AR2100
453;EFRO;CYYZ;6;107;1;AR1853;AR1364
454;BIKF;EFRO;8;45;0;AR1874;0
455;LIMF;LIMC;18;47;0;AR1644;0
456;LIMF;LIME;13;102;1;AR1644;AR1791
457;LIMF;ZSPD;7;93;1;AR1644;AR1262
458;LIMF;CYVR;9;105;1;AR1644;AR1256
459;LIMF;LTFM;7;90;1;AR1644;AR1410
460;LIMF;LFPG;18;105;1;AR1644;AR1475
461;ZBAA;LIME;91;154;0;AR1161;0
462;ZBAA;LIMC;39;53;1;AR1161;AR7000
463;LIMC;LPPT;44;64;0;AR1456;0
464;LIMC;LFPG;123;218;0;AR1477;0
465;LIMC;LTFM;38;50;0;AR1422;0
466;LIMC;EDDB;31;48;0;AR1683;0
467;LIMC;EIDW;23;47;0;AR1524;0
468;EDDB;LIMC;35;46;0;AR1688;0
469;EDDB;LTFM;8;100;1;AR1688;AR1410
470;EDDB;LFPG;21;103;1;AR1688;AR1475
471;EDDB;LPPT;12;109;1;AR1688;AR1458
472;EDDB;LIME;27;94;1;AR1688;AR2010
473;EDDB;LFQQ;6;108;1;AR1688;AR1757
474;EDDB;LDZA;10;109;1;AR1688;AR1657
475;EDDB;RJAA;12;95;1;AR1688;AR1836
476;EDDB;EFHK;6;107;1;AR1688;AR1759
477;ESSA;LIMC;9;51;0;AR1666;0
478;ESSA;LFPG;7;94;1;AR1666;AR1475
479;ESSA;LIME;8;97;1;AR1666;AR2010
480;CYVR;LIMC;92;103;0;AR1253;0
481;CYVR;LFQQ;21;49;1;AR1253;AR1757
482;CYVR;LDZA;24;48;1;AR1253;AR1657
483;CYVR;RJAA;42;55;1;AR1253;AR1836
484;CYVR;LGAV;11;54;1;AR1253;AR1866
485;CYVR;EDDB;22;47;1;AR1253;AR1689
486;CYVR;EFHK;21;53;1;AR1253;AR1759
487;CYVR;FACT;61;112;1;AR1253;AR1248
488;CYVR;EHEH;6;47;1;AR1253;AR1820
489;CYVR;LTFM;29;48;1;AR1253;AR1408
490;CYVR;EETN;14;53;1;AR1253;AR1436
491;CYVR;LIME;59;81;1;AR1253;AR2200
492;CYVR;EIDW;11;45;1;AR1253;AR1532
493;EFHK;LIMC;38;72;0;AR1756;0
494;EFHK;LTFM;9;108;1;AR1756;AR1410
495;EFHK;LFPG;28;99;1;AR1756;AR1475
496;EFHK;LPPT;11;104;1;AR1756;AR1458
497;EFHK;LIME;24;95;1;AR1756;AR2010
498;EFHK;EDDB;6;91;1;AR1756;AR1681
499;EFHK;LFQQ;8;98;1;AR1756;AR1757
500;EFHK;LDZA;7;107;1;AR1756;AR1657
501;EFHK;RJAA;14;101;1;AR1756;AR1836
502;EIDW;EDDB;9;48;0;AR1800;0
503;LIMC;RJAA;64;97;0;AR1840;0
504;LIMC;LDZA;46;85;0;AR1655;0
505;LPPT;LIMC;53;62;0;AR1461;0
506;LPPT;LIME;34;98;1;AR1461;AR2010
507;LPPT;EDDB;9;101;1;AR1461;AR1681
508;LPPT;LFQQ;13;98;1;AR1461;AR1757
509;LPPT;LDZA;15;107;1;AR1461;AR1657
510;LPPT;RJAA;19;109;1;AR1461;AR1836
511;LPPT;LGAV;8;103;1;AR1461;AR1866
512;LPPT;EDDB;12;94;1;AR1461;AR1689
513;LPPT;EFHK;11;107;1;AR1461;AR1759
514;LPPT;FACT;32;107;1;AR1461;AR1248
515;LPPT;LTFM;12;97;1;AR1461;AR1408
516;LPPT;EETN;11;108;1;AR1461;AR1436
517;LPPT;LIME;33;109;1;AR1461;AR2200
518;EHEH;LIMC;10;51;0;AR1736;0
519;EHEH;LIME;9;93;1;AR1736;AR2010
520;EHEH;FACT;6;94;1;AR1736;AR1248
521;EHEH;LIME;7;96;1;AR1736;AR2200
522;LFQQ;LIMC;33;45;0;AR1754;0
523;LFQQ;LFPG;21;96;1;AR1754;AR1475
524;LFQQ;LPPT;12;101;1;AR1754;AR1458
525;LFQQ;LIME;20;90;1;AR1754;AR2010
526;LFQQ;EDDB;5;97;1;AR1754;AR1681
527;LFQQ;LDZA;8;104;1;AR1754;AR1657
528;LFQQ;RJAA;15;107;1;AR1754;AR1836
529;LFQQ;EDDB;6;99;1;AR1754;AR1689
530;LFQQ;EFHK;6;105;1;AR1754;AR1759
531;LFQQ;FACT;21;97;1;AR1754;AR1248
532;LFQQ;LTFM;10;103;1;AR1754;AR1408
533;EETN;LIMC;28;45;0;AR1435;0
534;EETN;LFPG;20;96;1;AR1435;AR1475
535;EETN;LPPT;11;91;1;AR1435;AR1458
536;EETN;LIME;23;105;1;AR1435;AR2010
537;EETN;EDDB;8;91;1;AR1435;AR1681
538;EETN;LFQQ;7;93;1;AR1435;AR1757
539;EETN;LDZA;10;103;1;AR1435;AR1657
540;EETN;RJAA;17;99;1;AR1435;AR1836
541;EETN;EDDB;7;100;1;AR1435;AR1689
542;EETN;EFHK;5;95;1;AR1435;AR1759
543;EETN;FACT;26;103;1;AR1435;AR1248
544;EETN;LTFM;10;101;1;AR1435;AR1408
545;EDDB;LIME;24;45;0;AR1678;0
546;EDDB;CYYZ;21;102;1;AR1678;AR1364
547;EDDB;LIMC;33;107;1;AR1678;AR2300
548;LIMC;EFRO;12;54;0;AR1890;0
549;LIMC;LIME;123;200;0;AR1791;0
550;LIMC;CYYZ;103;134;1;AR1791;AR1364
551;LIME;LIMC;162;182;0;AR1900;0
552;LIME;EDDB;25;90;1;AR1900;AR1681
553;LIME;LFQQ;28;94;1;AR1900;AR1757
554;LIME;LDZA;29;104;1;AR1900;AR1657
555;LIME;RJAA;54;103;1;AR1900;AR1836
556;LIME;LGAV;15;95;1;AR1900;AR1866
557;LIME;EDDB;24;104;1;AR1900;AR1689
558;LIME;EFHK;25;100;1;AR1900;AR1759
559;LIME;FACT;89;150;1;AR1900;AR1248
560;LIME;EHEH;7;102;1;AR1900;AR1820
561;LIME;LTFM;28;97;1;AR1900;AR1408
562;LIME;EETN;21;106;1;AR1900;AR1436
563;LIME;EIDW;13;105;1;AR1900;AR1532
564;LKPR;RJAA;21;107;0;AR1597;0
565;LIMC;EHEH;16;54;0;AR1731;0
566;KJFK;LIME;147;221;0;AR1133;0
567;KJFK;LIMC;117;168;1;AR1133;AR9000
568;KJFK;EDDB;43;69;1;AR1133;AR1673
569;KJFK;ZSPD;69;98;1;AR1133;AR1260
570;EDDB;LIMC;37;50;0;AR1680;0
571;EDDB;LFQQ;6;98;1;AR1680;AR1757
572;EDDB;LDZA;9;100;1;AR1680;AR1657
573;EDDB;RJAA;12;99;1;AR1680;AR1836
574;EDDB;LGAV;5;101;1;AR1680;AR1866
575;EDDB;EFHK;5;109;1;AR1680;AR1759
576;EDDB;FACT;28;105;1;AR1680;AR1248
577;EDDB;LTFM;10;90;1;AR1680;AR1408
578;EDDB;EETN;5;100;1;AR1680;AR1436
579;EDDB;LIME;16;105;1;AR1680;AR2200
580;EFRO;LIMC;17;51;0;AR1871;0
581;EBBR;LIME;43;68;0;AR1377;0
582;EBBR;KJFK;16;104;1;AR1377;AR1132
583;EBBR;LIMC;11;103;1;AR1377;AR3000
584;LIMC;ZSPD;65;116;0;AR1262;0
585;MMMX;LIME;33;95;0;AR1921;0
586;MMMX;LIMC;16;51;1;AR1921;AR7000
587;MMMX;LIMC;28;45;1;AR1921;AR9000
588;LIMC;CYVR;130;185;0;AR1256;0
589;LIMC;EIDW;31;51;0;AR1513;0
590;EIDW;LIMC;34;52;0;AR1528;0
591;EIDW;LFQQ;5;100;1;AR1528;AR1757
592;EIDW;LDZA;6;95;1;AR1528;AR1657
593;EIDW;RJAA;10;95;1;AR1528;AR1836
594;EIDW;EDDB;5;98;1;AR1528;AR1689
595;EIDW;FACT;15;90;1;AR1528;AR1248
596;EIDW;LTFM;5;103;1;AR1528;AR1408
597;EIDW;LIME;15;106;1;AR1528;AR2200
598;LIMC;LIMF;40;54;0;AR1645;0
599;OMDB;LIME;260;351;0;AR1303;0
600;OMDB;LIMC;83;110;1;AR1303;AR7000
601;OMDB;LIMC;159;302;1;AR1303;AR9000
602;LTFM;LIMC;78;104;0;AR1423;0
603;LTFM;EDDB;11;102;1;AR1423;AR1689
604;LTFM;EFHK;8;98;1;AR1423;AR1759
605;LTFM;FACT;36;107;1;AR1423;AR1248
606;LTFM;EETN;8;100;1;AR1423;AR1436
607;LTFM;LIME;24;93;1;AR1423;AR2200
608;LTFM;EIDW;5;93;1;AR1423;AR1532
609;LTFM;LFPG;19;97;1;AR1423;AR1462
610;LFPG;LIMC;148;172;0;AR1478;0
611;LFPG;EDDB;21;108;1;AR1478;AR1689
612;LFPG;EFHK;21;91;1;AR1478;AR1759
613;LFPG;FACT;65;104;1;AR1478;AR1248
614;LFPG;EHEH;9;97;1;AR1478;AR1820
615;LFPG;LTFM;31;103;1;AR1478;AR1408
616;LFPG;EETN;19;98;1;AR1478;AR1436
617;LFPG;LIME;54;93;1;AR1478;AR2200
618;LFPG;EIDW;15;94;1;AR1478;AR1532
619;LPPT;LIMC;95;122;0;AR1457;0
620;LPPT;LTFM;16;100;1;AR1457;AR1408
621;LPPT;EETN;8;103;1;AR1457;AR1436
622;LPPT;LIME;36;94;1;AR1457;AR2200
623;LPPT;EIDW;6;91;1;AR1457;AR1532
624;LPPT;LFPG;24;100;1;AR1457;AR1462
625;LPPT;LIME;22;107;1;AR1457;AR2400
626;LPPT;LTFM;10;91;1;AR1457;AR1432
627;LIMC;LTFM;70;116;0;AR1410;0
628;LIMC;LFPG;166;200;0;AR1475;0
629;EDDB;LIME;31;54;0;AR1693;0
630;EDDB;SBGL;11;96;1;AR1693;AR1910
631;EDDB;CYVR;10;99;1;AR1693;AR1254
632;EDDB;LIMC;15;92;1;AR1693;AR2500
633;EDDM;LIMC;36;63;0;AR1845;0
634;EDDM;LFPG;10;99;1;AR1845;AR1462
635;EDDM;LIME;8;92;1;AR1845;AR2400
636;LIMC;LPPT;93;108;0;AR1458;0
637;RJAA;LDZA;23;94;0;AR1529;0
638;RJAA;EIDW;14;95;0;AR1596;0
639;LIMC;LIME;201;337;0;AR2010;0
640;LIMC;SBGL;54;107;1;AR2010;AR1910
641;LIMC;CYVR;39;98;1;AR2010;AR1254
642;LIMC;SAEZ;19;107;1;AR2010;AR1362
643;LIME;LIMC;184;212;0;AR2100;0
644;LIME;EIDW;10;99;1;AR2100;AR1532
645;LIME;LFPG;50;93;1;AR2100;AR1462
646;LIME;LTFM;17;99;1;AR2100;AR1432
647;LIME;BIKF;7;106;1;AR2100;AR1824
648;LIME;LDZA;13;108;1;AR2100;AR1669
649;BIKF;LIME;21;48;0;AR1873;0
650;BIKF;SBGL;8;94;1;AR1873;AR1910
651;BIKF;CYVR;7;100;1;AR1873;AR1254
652;BIKF;LIMC;13;95;1;AR1873;AR2500
653;BIKF;ZBAA;11;94;1;AR1873;AR1160
654;BIKF;OMDB;9;105;1;AR1873;AR1302
655;LDZA;LIMC;58;100;0;AR1656;0
656;LDZA;LFPG;22;109;1;AR1656;AR1462
657;LDZA;LIME;17;103;1;AR1656;AR2400
658;LDZA;LTFM;7;96;1;AR1656;AR1432
659;BIKF;LIMC;33;53;0;AR1875;0
660;BIKF;LIME;8;101;1;AR1875;AR2400
661;LIMC;EDDB;49;69;0;AR1681;0
662;EHEH;LIME;12;53;0;AR1724;0
663;EHEH;LIMC;5;100;1;AR1724;AR2500
664;EDDB;LIMC;44;73;0;AR1692;0
665;EDDB;LFPG;15;108;1;AR1692;AR1462
666;EDDB;LIME;13;107;1;AR1692;AR2400
667;EDDB;LTFM;5;99;1;AR1692;AR1432
668;EDDB;LDZA;5;98;1;AR1692;AR1669
669;LIMC;LFQQ;58;84;0;AR1757;0
670;LIMC;LDZA;81;98;0;AR1657;0
671;RJAA;LIMC;104;119;0;AR1841;0
672;RJAA;LFPG;28;53;1;AR1841;AR1462
673;RJAA;LIME;33;53;1;AR1841;AR2400
674;RJAA;LTFM;13;50;1;AR1841;AR1432
675;RJAA;LDZA;8;48;1;AR1841;AR1669
676;RJAA;LKPR;10;50;1;AR1841;AR1882
677;EIDW;LIME;20;47;0;AR1514;0
678;EIDW;SBGL;7;101;1;AR1514;AR1910
679;EIDW;CYVR;5;97;1;AR1514;AR1254
680;EIDW;LIMC;9;91;1;AR1514;AR2500
681;LIMC;RJAA;101;122;0;AR1836;0
682;LIMC;LGAV;35;52;0;AR1866;0
683;ZSPD;LIME;58;108;0;AR1263;0
684;ZSPD;SBGL;22;54;1;AR1263;AR1910
685;ZSPD;CYVR;15;47;1;AR1263;AR1254
686;ZSPD;LIMC;24;54;1;AR1263;AR2500
687;ZSPD;SAEZ;6;54;1;AR1263;AR1362
688;ZSPD;ZBAA;25;53;1;AR1263;AR1160
689;ZSPD;OMDB;25;54;1;AR1263;AR1302
690;ZSPD;EDDF;10;51;1;AR1263;AR1304
691;LIME;CYYZ;78;105;0;AR1364;0
692;LIMF;LIMC;37;66;0;AR1646;0
693;LIMF;LFPG;10;109;1;AR1646;AR1462
694;LIMF;LIME;11;109;1;AR1646;AR2400
695;BIKF;LIMC;38;50;0;AR1893;0
696;LIMC;EDDB;49;75;0;AR1689;0
697;LIMC;EFHK;46;74;0;AR1759;0
698;LIMC;FACT;162;289;0;AR1248;0
699;LIMC;EHEH;16;50;0;AR1820;0
700;EDDF;LIME;91;153;0;AR1323;0
701;EDDF;LIMC;52;101;1;AR1323;AR9000
702;LIMC;LTFM;58;94;0;AR1408;0
703;LTFM;LIMC;58;95;0;AR1411;0
704;LTFM;LDZA;7;104;1;AR1411;AR1669
705;LTFM;LKPR;7;106;1;AR1411;AR1882
706;LIMC;EETN;34;65;0;AR1436;0
707;LIMC;LIME;148;263;0;AR2200;0
708;LIMC;SAEZ;16;101;1;AR2200;AR1362
709;LIMC;ZBAA;80;148;1;AR2200;AR1160
710;LIMC;OMDB;67;99;1;AR2200;AR1302
711;LIMC;EDDF;32;95;1;AR2200;AR1304
712;LIMC;KJFK;50;97;1;AR2200;AR1132
713;LIME;LIMC;120;215;0;AR2300;0
714;LIME;LKPR;17;105;1;AR2300;AR1882
715;LIME;EDDB;7;106;1;AR2300;AR1667
716;LDZA;LTFM;12;51;0;AR1140;0
717;LFPG;LIMC;163;214;0;AR1476;0
718;LFPG;LIME;18;93;1;AR1476;AR2000
719;LFPG;LKPR;15;104;1;AR1476;AR1882
720;LFPG;EDDB;7;100;1;AR1476;AR1667
721;CYVR;LIMC;104;121;0;AR1257;0
722;CYVR;LIME;14;47;1;AR1257;AR2000
723;CYVR;LIME;10;49;1;AR1257;AR4000
724;LIMC;EIDW;32;51;0;AR1532;0
725;EFRO;LIMC;14;52;0;AR1891;0
726;VIDP;LIME;78;101;0;AR1361;0
727;VIDP;LIMC;31;51;1;AR1361;AR7000
728;VIDP;MMMX;7;49;1;AR1361;AR1920
729;LFQQ;LIMC;49;67;0;AR1758;0
730;LFQQ;LIME;5;109;1;AR1758;AR2000
731;LPPT;LIMC;77;105;0;AR1815;0
732;LPPT;LIME;7;97;1;AR1815;AR2000
733;LPPT;RJAA;28;102;0;AR1821;0
734;LIMC;LFPG;93;130;0;AR1462;0
735;LDZA;LIMC;48;68;0;AR1658;0
736;LDZA;LIME;5;106;1;AR1658;AR2000
737;LIME;SBGL;66;124;0;AR1910;0
738;LIMC;LIME;121;219;0;AR2400;0
739;LIMC;KJFK;53;99;1;AR2400;AR1132
740;EDDB;LIMC;29;47;0;AR1682;0
741;EDDB;LIME;5;97;1;AR1682;AR4000
742;EFHK;LIMC;29;50;0;AR1790;0
743;LGAV;LIMC;23;45;0;AR1867;0
744;LIMC;LTFM;48;61;0;AR1432;0
745;LIME;CYVR;44;97;0;AR1254;0
746;EHEH;LIMC;8;52;0;AR1725;0
747;LIMC;BIKF;15;47;0;AR1824;0
748;RJAA;LIMC;49;98;0;AR1837;0
749;RJAA;LIME;10;54;1;AR1837;AR4000
750;LIME;LIMC;97;144;0;AR2500;0
751;LTFM;EIDW;9;48;0;AR1531;0
752;LIMC;LDZA;33;48;0;AR1669;0
753;LIME;SAEZ;16;104;0;AR1362;0
754;LTFM;LIMC;38;54;0;AR1409;0
755;LTFM;LIME;7;106;1;AR1409;AR4000
756;EDDB;LIMC;22;54;0;AR1690;0
757;EIDW;LIMC;16;49;0;AR1512;0
758;LIMC;LKPR;34;48;0;AR1882;0
759;EETN;LIMC;22;53;0;AR1437;0
760;LIME;ZBAA;72;136;0;AR1160;0
761;LIME;OMDB;78;136;0;AR1302;0
762;LIME;EDDF;28;50;0;AR1304;0
763;LIMC;EDDB;17;47;0;AR1667;0
764;LIME;KJFK;50;108;0;AR1132;0
765;LIME;LIMC;45;61;0;AR3000;0
9999;XXXX;XXXX;0;0;0;0;0